[{"model": "admin.logentry", "pk": 1, "fields": {"action_time": "2024-09-27T08:32:34.336Z", "user": 1, "content_type": 14, "object_id": "32", "object_repr": "3567", "action_flag": 3, "change_message": ""}}, {"model": "admin.logentry", "pk": 2, "fields": {"action_time": "2024-09-27T08:32:34.341Z", "user": 1, "content_type": 14, "object_id": "31", "object_repr": "test", "action_flag": 3, "change_message": ""}}, {"model": "admin.logentry", "pk": 3, "fields": {"action_time": "2024-09-29T21:23:43.576Z", "user": 1, "content_type": 4, "object_id": "1", "object_repr": "paddy.walsh", "action_flag": 2, "change_message": "[{\"changed\": {\"fields\": [\"First name\", \"Last name\"]}}]"}}, {"model": "admin.logentry", "pk": 4, "fields": {"action_time": "2024-09-29T22:28:23.396Z", "user": 1, "content_type": 14, "object_id": "1", "object_repr": "To Kill a Mockingbird", "action_flag": 2, "change_message": "[]"}}, {"model": "admin.logentry", "pk": 5, "fields": {"action_time": "2024-09-30T12:31:03.919Z", "user": 1, "content_type": 8, "object_id": "1", "object_repr": "safekag777@aiworldx.com", "action_flag": 2, "change_message": "[{\"changed\": {\"fields\": [\"Verified\"]}}]"}}, {"model": "admin.logentry", "pk": 6, "fields": {"action_time": "2024-09-30T14:46:53.553Z", "user": 1, "content_type": 14, "object_id": "5", "object_repr": "Harry Potter and the Sorcerer's Stone", "action_flag": 2, "change_message": "[{\"changed\": {\"fields\": [\"Image\"]}}]"}}, {"model": "admin.logentry", "pk": 7, "fields": {"action_time": "2024-09-30T15:14:57.532Z", "user": 1, "content_type": 8, "object_id": "3", "object_repr": "walsh.faye@yahoo.com", "action_flag": 2, "change_message": "[{\"changed\": {\"fields\": [\"Verified\"]}}]"}}, {"model": "admin.logentry", "pk": 8, "fields": {"action_time": "2024-09-30T15:15:11.212Z", "user": 1, "content_type": 8, "object_id": "2", "object_repr": "paddy.walsh@nccresources.co.uk", "action_flag": 2, "change_message": "[{\"changed\": {\"fields\": [\"Verified\", \"Primary\"]}}]"}}, {"model": "admin.logentry", "pk": 9, "fields": {"action_time": "2024-09-30T15:15:33.918Z", "user": 1, "content_type": 15, "object_id": "3", "object_repr": "585CCDC28CD44EF5A0C88A3C8C1015C9", "action_flag": 2, "change_message": "[{\"changed\": {\"fields\": [\"User profile\"]}}]"}}, {"model": "admin.logentry", "pk": 10, "fields": {"action_time": "2024-09-30T15:17:57.712Z", "user": 1, "content_type": 4, "object_id": "3", "object_repr": "FayeWalsh", "action_flag": 2, "change_message": "[{\"changed\": {\"fields\": [\"Superuser status\"]}}]"}}, {"model": "admin.logentry", "pk": 11, "fields": {"action_time": "2024-10-01T13:14:28.811Z", "user": 1, "content_type": 14, "object_id": "9", "object_repr": "To Kill a Mockingbird", "action_flag": 2, "change_message": "[{\"changed\": {\"fields\": [\"Blurb\"]}}]"}}, {"model": "auth.user", "pk": 1, "fields": {"password": "pbkdf2_sha256$600000$k3f6Fw1l4ZeF7Cduv7yGXe$c9RPsDNkeOz6rLF+RO7cs1PD/wpzgqYEpwYIIFs/En0=", "last_login": "2024-10-07T10:42:04.086Z", "is_superuser": true, "username": "paddy.walsh", "first_name": "Paddy", "last_name": "Walsh", "email": "paddy.walsh@nccresources.co.uk", "is_staff": true, "is_active": true, "date_joined": "2024-09-25T15:14:36Z", "groups": [], "user_permissions": []}}, {"model": "auth.user", "pk": 2, "fields": {"password": "pbkdf2_sha256$600000$TgVvFxRRFYBQUdQa3eNFqf$EvNLdOCwnc87bn6taizO1+x48yXl9jeNOCY1ha/FeSM=", "last_login": "2024-09-30T12:19:48.869Z", "is_superuser": false, "username": "safekag", "first_name": "", "last_name": "", "email": "safekag777@aiworldx.com", "is_staff": false, "is_active": true, "date_joined": "2024-09-30T12:19:48.632Z", "groups": [], "user_permissions": []}}, {"model": "auth.user", "pk": 3, "fields": {"password": "pbkdf2_sha256$600000$WR9IXz3IqqB4QozaBLHBXV$6G7dZRs4IcAsCc8CgVcgBQThQnnVWvjrs8bsg4G4Awk=", "last_login": "2024-09-30T15:15:30Z", "is_superuser": true, "username": "FayeWalsh", "first_name": "", "last_name": "", "email": "walsh.faye@yahoo.com", "is_staff": false, "is_active": true, "date_joined": "2024-09-30T15:14:15Z", "groups": [], "user_permissions": []}}, {"model": "auth.user", "pk": 4, "fields": {"password": "pbkdf2_sha256$600000$iMsmApDTJigYCikQOwu3lO$i8OZ3uHPBhmMKr2FMPvY3a3up4r4+QfZG58RqWmxOak=", "last_login": "2024-09-30T15:40:56.150Z", "is_superuser": false, "username": "1990paddywalsh", "first_name": "", "last_name": "", "email": "1990paddywalsh@gmail.com", "is_staff": false, "is_active": true, "date_joined": "2024-09-30T15:40:55.934Z", "groups": [], "user_permissions": []}}, {"model": "auth.user", "pk": 5, "fields": {"password": "pbkdf2_sha256$600000$dW7CiR2VgWEtl1Ty1UYv2C$9AQL1KrAIA6rZEbqy1tDL60z0dC87325UIHEQxUx8SE=", "last_login": "2024-09-30T16:31:03.929Z", "is_superuser": false, "username": "sww26@hotmail.co.uk", "first_name": "", "last_name": "", "email": "seanwalsh280@gmail.com", "is_staff": false, "is_active": true, "date_joined": "2024-09-30T16:31:03.677Z", "groups": [], "user_permissions": []}}, {"model": "auth.user", "pk": 6, "fields": {"password": "pbkdf2_sha256$600000$8Wsz8FxoYNY7af8qpdFYIk$H2H3BZltFtplkwEtcvHgJhVR1a9XsC2nQrugkw6PcTM=", "last_login": "2024-10-01T18:18:41.231Z", "is_superuser": false, "username": "mrdanielwalsh@hotmail.com", "first_name": "", "last_name": "", "email": "mrdanielwalsh@hotmail.com", "is_staff": false, "is_active": true, "date_joined": "2024-10-01T18:18:40.991Z", "groups": [], "user_permissions": []}}, {"model": "sessions.session", "pk": "0l4tl1w9xvmzb981pc7n2s0foyzjpuoj", "fields": {"session_data": ".eJxVkMtuwjAQRf9l1pHlOH41y-75gqqKxvakcQs2ih0BQvw7mLJhN7r36FxproDe5y3VCbe6UKrRY405TQeqSw4Fxq8r_N8wwhFLOeU1QAdYYeyNMFoaKXpmpdTG6g62QmvCAz3pEC7shPuywO27g-fE1IApNlsPb5lD_0epFeEX009mPqe6Rscawl5tYbscaP_5Yt8ECz6GHtp59kIZ8REsOTdwg9xLCsYZHZRSg9DeKW8scTFzIZQyQy80ktTcWhp0kxYqpX2Bzse4XmDktzvOS2Hs:1sv20z:npY8e8Um2ar3NlJisvykEn17vIJcFwrSgRGdhhQBqp4", "expire_date": "2024-10-13T22:03:41.959Z"}}, {"model": "sessions.session", "pk": "1jgjrbp1fw3nbec90hzrl6matpu2qbj5", "fields": {"session_data": ".eJxVkE2PgjAQhv8KmTNpSrEtctz7nvYohvRjEBRbQ0tcY_zv27JevDXPPH1n8j5Bq3DBCO0TagZt9SpBGeNXF3u1xhFdnIyKk3f9FePobYD28IT_N7RwUyHc_WIhfUshlWRyx3hTCVLRes8FL2ENuDh1xc229kHuag4jvI4lbCv6LPRTTqvgg2llLujywJ6VO3livIvLpElWyHsayLe3OH-93Y-AUaVFKXYYDOOS7W2DWtdUKmp2aKWWwnLOayaM5kY2SNlAGeNc1hUTCneCNg3WIocGDCG3gL-3aXlASxO7JqZOmCqBw6GDvj-HraeNdlAWtCwYL4sOflZjEh7WeX4U6VqMaAtWaO8vgWSzgw6OR3j9AeEUglY:1su6Ow:t-1gSEBRG25HTjPhA-5awhlgx4kCg5x44GOcuNpRSyU", "expire_date": "2024-10-11T08:32:34.352Z"}}, {"model": "sessions.session", "pk": "5lprotwcb9dke4q2uxjh8by2hoxc5wla", "fields": {"session_data": "eyJzYXZlX2luZm8iOmZhbHNlfQ:1svl7A:atp5Ogqqx8Yys_bCInt8My929a3NxJVqy-KyzgKP-Iw", "expire_date": "2024-10-15T22:13:04.304Z"}}, {"model": "sessions.session", "pk": "7r28vjmqgyg1kk1aygok1vwjzpp5my7m", "fields": {"session_data": ".eJxVkN1uwyAMhd_F1xECUn6Wy93vCaYpMuAuWVuoAlFXRXn3Qdeb-sKyfI6_I3kDh_lEBYYNhIBBdCBr3ztA79May4hrmSiW2WOZUxwvVKYUMgyfG_zPMMAVc76lJUA9qyhhpLFCaSGZVbZWB2umJeKFHuYQ7uyG5zzB_tXBI2FshnFuMAEvO4f-RLEJ4Qfjd2I-xbLMjjULe6qZfaRA5_en9wUwYQ2q2OPRS2XkW7DkXM8Ncn-gYJzRQSnVS-2d8sYSl0cupVKmF1IjHTS3lnrdoJlybk-g3-u83GHg-x8ax2f3:1svjmM:G5rpulVFpexAn2ZwdpvnUZ8Q0X5wH0Zxr36wHthDBhc", "expire_date": "2024-10-15T20:47:30.049Z"}}, {"model": "sessions.session", "pk": "8il51hgf1hztiqiypu4hawnbw8432rij", "fields": {"session_data": "e30:1sv1Nk:hydy28AUUAXIUuhEfR3ae0-7djIxq2yQXc_DGqNMXBw", "expire_date": "2024-10-13T21:23:08.757Z"}}, {"model": "sessions.session", "pk": "8jb5na6qghh8qaz763pe7mtkjevw9roq", "fields": {"session_data": ".eJyrVorPTS0uTkxPLVayUoqOjlGKj88qzs-DicYo6SgY6CiYAHGMUkhGalGqerFCXn5JRmZeukJmnkJlfmmRQlJicXZqiUJlaokeSH2MUoxSbKxSLQCWTh4f:1svuab:XO2NYzO4kd-rdFWl-GQLK9C8ZGN8ddi9b7CHrWKgkc0", "expire_date": "2024-10-16T08:20:05.563Z"}}, {"model": "sessions.session", "pk": "cb3g83ea0oz2e5p5hp0yw3zlwdaznjjw", "fields": {"session_data": "eyJiYXNrZXQiOnsiMiI6MX19:1svIds:wQ50jQFr_egyJVskNeon1pujesPPM6bhSZyBMeE-uDg", "expire_date": "2024-10-14T15:48:56.222Z"}}, {"model": "sessions.session", "pk": "d8uxdunmakurofb02kqiicpaf4xtlfyh", "fields": {"session_data": ".eJxVjDEOgzAQBP9ydYQAY4Lpko9Yd-ezsHCMBCYN4u-BiIZyZ3dnA2Se1pTtV-bggzgrHwwR-rTG-ACLax7sushsg4MeargxQh4lnQXGeOLi0hX_zVUvxetIknJgzGFK7-t1Uw24DIenLaVlcarpkJyuqa11xbrjxnCpS9G6bZC0QkPekdLeuO5pCJ2QV94oPqSEyygZ-g0qBX217z_cAU3U:1svYFt:GscmnTePhumtvsbqXjSuL7OFAIdKRmVSrCLeFGadTxc", "expire_date": "2024-10-15T08:29:13.496Z"}}, {"model": "sessions.session", "pk": "ed0w62f96zb7puewwtp65smozmq5cwvp", "fields": {"session_data": "eyJiYXNrZXQiOnsiMTQiOjEsIjEiOjF9fQ:1svkqO:Pgub8bKa2ZuU5z7ederUCEtsGcvBWOnIeyyyTkLhLQg", "expire_date": "2024-10-15T21:55:44.445Z"}}, {"model": "sessions.session", "pk": "ehuv7itxxy6u79bq5burgl1x2n8tgn8w", "fields": {"session_data": "eyJiYXNrZXQiOnsiNiI6MX19:1swJXK:dNDSJY0QCUQTibTq3byU3rukjrnIprzrcc8Y7cvgUBw", "expire_date": "2024-10-17T10:58:22.712Z"}}, {"model": "sessions.session", "pk": "gj4mj237mm7x55z0jnxjmm1qxawejc09", "fields": {"session_data": ".eJxVjDsOwyAQRO-ydWRhfgJ3yUXQAmsZhWDJgJsod48duUk5b2beGzCEtZfmdtrSnCg6emHKMJWe8w0c9ra4XmlzKcIEGv6Yx_CkchaY84mHSzf8Nlddh_uRqLQUsKW1PK7Xn2rBuhwe49GPynjjtdV6ZIyCEjHyqKWwUQmhBNeGBavmkQmyTGKQnnNvomDI5SGtuJNLZV5halunzxdTd00B:1svhce:L7UUPGkXZsEEH9rnS4WJqNXYvld1W-JPwlL-2lBNquE", "expire_date": "2024-10-15T18:29:20.096Z"}}, {"model": "sessions.session", "pk": "l2sm8bpfwirp3ivrqjtnhqns14v7i84d", "fields": {"session_data": ".eJxVkEFuwyAQRe8yawsRMIzrZfc9QVVZA4xr2gQig5tGUe7ekGaT3ej_p_eluQB5n7dUJ9rqwqlGTzXmNB24LjkUGN8v8H_DCEcq5ZTXAB1QhXGHCm3fa4NCo9QKTQdb4TXRge90CGdxon1Z4PrRwX1iasAUm20HT5kj_82pFeGL0mcWPqe6RicaIh5tEW858P71wT4JFroN3bTz7JVB9RIGdk5LJOl7DujQBmOMVtY743FgqWaplDGod8oS91YOA2vbpIVLaV_g32NczzDKDgr98BTTnGGs68bXP3d6aAU:1sv3A2:BeC482xCz9AVcsyH6PBlloS0sp6o3sAiEzgLvRojvsY", "expire_date": "2024-10-13T23:17:06.469Z"}}, {"model": "sessions.session", "pk": "ler8dskv1wl3cy87ne74xczfcdpsatkh", "fields": {"session_data": ".eJxVjEEOwiAQAP_C2RC6dAE9evcNBJZFqgaS0p6MfzckPeh1ZjJv4cO-Fb93Xv2SxEVM4vTLYqAn1yHSI9R7k9Tqti5RjkQetstbS_y6Hu3foIRexjZnArRwTo5j1MoGRTMnG61JiKjBUESyjhVkBYBo9QQm8GyUc6yN-HwB5JI3Qg:1svl97:5cBmwjwzAicFyWfN0_pdIiBISwi9thvNVGmnYIolTkk", "expire_date": "2024-10-15T22:15:05.016Z"}}, {"model": "sessions.session", "pk": "lmwphm01bzzokhg71v6efnlym519scsv", "fields": {"session_data": "eyJiYXNrZXQiOnsiNiI6MX19:1swoHs:2qOWTPZ12Xzp4Hro9bGQ1vBf0mW9JdSPYNDKYl6X-Rc", "expire_date": "2024-10-18T19:48:28.669Z"}}, {"model": "sessions.session", "pk": "my05wnqqg82xmex3ht6jwsy6qi44ivv1", "fields": {"session_data": ".eJxVjEEOwiAQAP_C2RC6dAE9evcNBJZFqgaS0p6MfzckPeh1ZjJv4cO-Fb93Xv2SxEVM4vTLYqAn1yHSI9R7k9Tqti5RjkQetstbS_y6Hu3foIRexjZnArRwTo5j1MoGRTMnG61JiKjBUESyjhVkBYBo9QQm8GyUc6yN-HwB5JI3Qg:1sxlBk:0gfcjGgkznAK8rjLXkjgsUTDIeUon4Z30ZxMGEVnp7Y", "expire_date": "2024-10-21T10:42:04.096Z"}}, {"model": "sessions.session", "pk": "s5od0ndntdniyxf7xyo1f6rl23g98dhm", "fields": {"session_data": ".eJxVjMEOgyAQRP-Fc2MWKYre6o-QZVkiKcVEoZem_15tvHicNzPvI5BoqbnYN68xRPaWXxiTGHNN6SYs1jLbuvFqoxejuIsLc0hPzkeBKR24OXXNf3PWW_PYE-cSCUtc8nS-LqoZt3n39AOz1uCkUbKjHrT0ikxgaCkYCFohg-9bIjKaOucHAy7ItiMFyMGz-P4AglVIZg:1svIW8:iymeAMrYknOM5p0ZDr9ZElEpK0oNODLYkbAtlz0tHls", "expire_date": "2024-10-14T15:40:56.220Z"}}, {"model": "sessions.session", "pk": "sbwczsm4d2fkx6apyna5pjuovz6ap0mw", "fields": {"session_data": "eyJiYXNrZXQiOnsiNSI6MSwiMTEiOjF9fQ:1svPcp:TMirru3qRC2Oh4mAvwr00CCQmGmeaObxEe-fL8NSK_g", "expire_date": "2024-10-14T23:16:19.754Z"}}, {"model": "sessions.session", "pk": "scwo3d97jl4xnzpq80yiu4neac7bqfxd", "fields": {"session_data": "eyJiYXNrZXQiOnsiMSI6MX19:1swJSM:lFpNmU76uPvjSKnF1wrLchHnYFO3_HK12NsOZIKB8Zg", "expire_date": "2024-10-17T10:53:14.432Z"}}, {"model": "sessions.session", "pk": "u712m2xtb5oltu5uu58r1periepbwoil", "fields": {"session_data": ".eJxVjU1ugzAQhe8ya2SZIWYoy-5zgqpCY3tSaBI7wkZphLh7cZtNdk_v53srWE5nydCvgNDXWwXsXFxCHnjJo4Q8Oc5TDMNV8hh9gv5jhX8NPdw4pXucPeyznVETEmkyiKohQo0VLEnmwFf5K3v_UHe-pBG2zwqGJCkVtPzcpvkBvd698jqU0TCVgxpePMvuLKEE_pvDV1QuhjxPVpWKeqZJHaOXy_uz-wIYeT_fsaeTQ0P45juxttHE2h3Ek6XWG2MabJ01jjrReNKIxlBTY8tyaHXXSdPC9gv9B2ai:1svchw:CaplnJ45lpkDPmdyiyMqv35NH8OzJ9AFQBcumbWdpqc", "expire_date": "2024-10-15T13:14:28.938Z"}}, {"model": "sessions.session", "pk": "vjuyz8f1bd0x1d4ky40rhif25dgzuj8y", "fields": {"session_data": ".eJxVjE0OgjAQhe8ya0OYYiuw04s0j-kQGmtNpLgx3l0wbFi9vL_vQxB5Lrn4t77iGDV4fSAm6vOS0ok8ljL5ZdaXj4F6snTIBshd81YgpS2udlz13-z1XF1Xp7lEQYnPfNtfB9SEeVo5eq4tS4sONSzQBTQ8OLhGulGgNRvmwM4YXLjtBuucaSWwGW0TmIVX6ID5roX6DzFTzyfiepXv9wfa8U3t:1svNlz:blQUtpqoJR70VKlnz3FxEAeHfe7iCxQlwIqgPxip2s0", "expire_date": "2024-10-14T21:17:39.838Z"}}, {"model": "sessions.session", "pk": "y31wltquyl5ur5idlmme0alrbayi23iz", "fields": {"session_data": ".eJxVULtuwzAM_BfOhiHJrh8aO2Tr3KEoDEqiajWOFFhy2iDwv1dODaTdiLvj3ZE3iHihwXkbQFqcIhWAWofFp-FCs7OOzEAndBNIv0zTg10izSChggeESxrJJ6cxueCHE6UxmAjy7Qa_c9afMcavMJttLYHkrWhb1lcVK3kemq6AzdjjibL4gFd6zaVGWN8LuPvfcwdn9ug_mEJ9JL8R5hP9Ryh18Gl2qtwk5c7G8iUYmp537T-DEXOQBCLT1nXLa211rzkysrVgQhnGGXbYCNF0QrW2EvSEipGome6tsn0nmGp6vplGinF7AX2f3XwFyQpQGI-UL77l3pKv6w_Mjn55:1svI94:2CQKShBANgKOuRJamRggSs1-QxnyJ4D9NVYavz9Yhew", "expire_date": "2024-10-14T15:17:06.114Z"}}, {"model": "sites.site", "pk": 1, "fields": {"domain": "example.com", "name": "example.com"}}, {"model": "account.emailaddress", "pk": 1, "fields": {"user": 2, "email": "safekag777@aiworldx.com", "verified": true, "primary": true}}, {"model": "account.emailaddress", "pk": 2, "fields": {"user": 1, "email": "paddy.walsh@nccresources.co.uk", "verified": true, "primary": true}}, {"model": "account.emailaddress", "pk": 3, "fields": {"user": 3, "email": "walsh.faye@yahoo.com", "verified": true, "primary": true}}, {"model": "account.emailaddress", "pk": 4, "fields": {"user": 4, "email": "1990paddywalsh@gmail.com", "verified": false, "primary": true}}, {"model": "account.emailaddress", "pk": 5, "fields": {"user": 5, "email": "seanwalsh280@gmail.com", "verified": false, "primary": true}}, {"model": "account.emailaddress", "pk": 6, "fields": {"user": 6, "email": "mrdanielwalsh@hotmail.com", "verified": false, "primary": true}}, {"model": "books.genre", "pk": 1, "fields": {"name": "Fiction"}}, {"model": "books.genre", "pk": 2, "fields": {"name": "Fantasy"}}, {"model": "books.genre", "pk": 3, "fields": {"name": "Science Fiction"}}, {"model": "books.genre", "pk": 4, "fields": {"name": "Young Adult"}}, {"model": "books.genre", "pk": 5, "fields": {"name": "Historical Fiction"}}, {"model": "books.genre", "pk": 6, "fields": {"name": "Thriller"}}, {"model": "books.genre", "pk": 7, "fields": {"name": "Horror"}}, {"model": "books.genre", "pk": 8, "fields": {"name": "Magical Realism"}}, {"model": "books.genre", "pk": 9, "fields": {"name": "Nonfiction"}}, {"model": "books.genre", "pk": 10, "fields": {"name": "Mystery"}}, {"model": "books.genre", "pk": 11, "fields": {"name": "Gothic"}}, {"model": "books.genre", "pk": 12, "fields": {"name": "Memoir"}}, {"model": "books.genre", "pk": 13, "fields": {"name": "Dystopian"}}, {"model": "books.book", "pk": 1, "fields": {"sku": "B001", "title": "To Kill a Mockingbird", "author": null, "price": "10.99", "short_description": "A gripping, heart-wrenching, and wholly remarkable tale of coming-of-age in a South poisoned by virulent prejudice.", "number_of_pages": 336, "release_date": "1960-07-11", "image_url": "", "image": "to_kill_a_mockingbird.webp", "offer": true, "blurb": "In the deeply segregated American South, young Scout Finch grows up in a world filled with racial tension, societal expectations, and the complexities of moral integrity. Through the eyes of Scout, the novel sheds light on the harsh realities of racism, as her father, Atticus Finch, defends a black man unjustly accused of raping a white woman. \n\nLee's poignant storytelling immerses readers in a timeless exploration of justice, empathy, and the human condition. 'To Kill a Mockingbird' remains a powerful narrative on the social issues that still resonate with audiences today.", "genres": [1]}}, {"model": "books.book", "pk": 2, "fields": {"sku": "B002", "title": "1984", "author": null, "price": "9.99", "short_description": "A dystopian novel set in a totalitarian regime, where Big Brother is always watching.", "number_of_pages": 328, "release_date": "1949-06-08", "image_url": "", "image": "1984.webp", "offer": false, "blurb": "'1984' presents a chilling vision of a future where individuality is suppressed and truth is manipulated. In this dystopian world, Winston Smith grapples with the oppressive control of Big Brother, questioning the very nature of reality as he seeks personal freedom. Orwell masterfully explores themes of surveillance, propaganda, and the manipulation of language, which resonate in modern discussions of government power and privacy. \n\nThrough vivid and unnerving imagery, Orwell illustrates a world of conformity where rebellion is met with swift and brutal consequences. The novel's stark portrayal of totalitarianism remains a profound cautionary tale against unchecked political authority.", "genres": [1]}}, {"model": "books.book", "pk": 3, "fields": {"sku": "B003", "title": "Pride and Prejudice", "author": null, "price": "8.49", "short_description": "A timeless romance novel exploring themes of class, marriage, and love.", "number_of_pages": 279, "release_date": "1813-01-28", "image_url": "", "image": "pride_and_prejudice.webp", "offer": true, "blurb": "Set in the British countryside, 'Pride and Prejudice' tells the story of Elizabeth Bennet, an intelligent young woman navigating the societal pressures of marriage, class, and wealth. Her encounters with the enigmatic Mr. Darcy lead to a tumultuous romance that defies the rigid social norms of the day. \n\nAusten's sharp wit and keen observations bring to life the intricate dance of courtship and the challenges women face in a patriarchal society. With its memorable characters and timeless themes, 'Pride and Prejudice' continues to enchant readers as a definitive work on love and human relationships.", "genres": [1]}}, {"model": "books.book", "pk": 4, "fields": {"sku": "B004", "title": "The Great Gatsby", "author": null, "price": "11.99", "short_description": "A tale of wealth, love, and the American Dream set in the prosperous Jazz Age.", "number_of_pages": 180, "release_date": "1925-04-10", "image_url": "", "image": "the_great_gatsby.webp", "offer": false, "blurb": "In the glittering world of the 1920s Jazz Age, 'The Great Gatsby' paints a picture of ambition, decadence, and the elusive pursuit of the American Dream. Jay Gatsby, a mysterious millionaire, throws lavish parties in the hope of rekindling his lost romance with Daisy Buchanan. Yet behind the opulence, Fitzgerald reveals the hollowness of wealth and the deep moral corruption that underpins the society. \n\nFitzgerald’s novel delves into themes of love, obsession, and disillusionment, presenting a poignant critique of the American Dream and the lengths people will go to chase happiness. The story’s tragic end remains a powerful reminder of the cost of dreams unfulfilled.", "genres": [1]}}, {"model": "books.book", "pk": 5, "fields": {"sku": "B005", "title": "Harry Potter and the Sorcerer's Stone", "author": null, "price": "12.49", "short_description": "The first installment in the beloved fantasy series chronicling the adventures of a young wizard.", "number_of_pages": 320, "release_date": "1997-06-26", "image_url": "", "image": "harry_potter_1.webp", "offer": true, "blurb": "In 'Harry Potter and the Sorcerer’s Stone,' readers are introduced to Harry, an orphaned boy living with his cruel relatives, unaware of his magical heritage. Everything changes when Harry receives an invitation to attend Hogwarts School of Witchcraft and Wizardry, opening the door to a world of magic, friendship, and adventure. \n\nRowling masterfully creates a richly imaginative world, filled with spells, mythical creatures, and timeless lessons about bravery, loyalty, and self-discovery. This first book sets the stage for Harry’s epic battle against the dark wizard, Lord Voldemort, and is beloved by readers of all ages.", "genres": [2]}}, {"model": "books.book", "pk": 6, "fields": {"sku": "B006", "title": "The Catcher in the Rye", "author": null, "price": "9.99", "short_description": "A classic novel following the disillusioned teenager Holden Caulfield as he navigates life and adulthood.", "number_of_pages": 277, "release_date": "1951-07-16", "image_url": "", "image": "the_catcher_in_the_rye.webp", "offer": true, "blurb": "'The Catcher in the Rye' follows the rebellious and disillusioned Holden Caulfield as he leaves his boarding school and roams New York City, struggling with the transition from adolescence to adulthood. Holden’s cynical worldview and his disdain for the “phoniness” of the adult world resonate with many readers, especially those grappling with identity and alienation. \n\nSalinger’s portrayal of Holden is both poignant and raw, capturing the confusion and emotional turbulence of youth. The novel’s enduring appeal lies in its deep exploration of individualism, mental health, and the desire for meaning in an indifferent world.", "genres": [1]}}, {"model": "books.book", "pk": 7, "fields": {"sku": "B007", "title": "Lord of the Flies", "author": null, "price": "8.99", "short_description": "A gripping tale of survival and human nature, following a group of boys stranded on an uninhabited island.", "number_of_pages": 224, "release_date": "1954-09-17", "image_url": "", "image": "lord_of_the_flies.webp", "offer": false, "blurb": "In 'Lord of the Flies,' a group of boys crash-lands on a deserted island, and what begins as a struggle for survival quickly devolves into a brutal power struggle. As the veneer of civilization fades, Golding explores the darker side of human nature, revealing the primal instincts that emerge when order collapses. \n\nThrough his stark prose and intense narrative, Golding raises unsettling questions about morality, leadership, and the thin line between civilization and chaos. This haunting allegory remains a powerful exploration of the human psyche and the forces that drive societal collapse.", "genres": [1]}}, {"model": "books.book", "pk": 8, "fields": {"sku": "B008", "title": "The Hobbit", "author": null, "price": "10.99", "short_description": "A classic fantasy novel following the adventures of Bilbo Baggins as he embarks on a quest to reclaim a treasure guarded by a dragon.", "number_of_pages": 310, "release_date": "1937-09-21", "image_url": "", "image": "the_hobbit.webp", "offer": true, "blurb": "'The Hobbit' takes readers on an unforgettable adventure through Middle-earth, following the reluctant hero Bilbo Baggins as he joins a group of dwarves on a quest to reclaim their homeland from the dragon Smaug. Along the way, Bilbo encounters trolls, elves, and the creature Gollum, whose mysterious ring holds untold power. \n\nTolkien’s richly imagined world and lyrical prose create a timeless story of courage, friendship, and self-discovery. 'The Hobbit' remains a beloved tale that has inspired countless readers and laid the groundwork for Tolkien’s later works, including 'The Lord of the Rings.'", "genres": [2]}}, {"model": "books.book", "pk": 9, "fields": {"sku": "B009", "title": "To Kill a Mockingbird", "author": null, "price": "9.49", "short_description": "A gripping, heart-wrenching, and wholly remarkable tale of coming-of-age in a South poisoned by virulent prejudice.", "number_of_pages": 336, "release_date": "1960-07-11", "image_url": "", "image": "to_kill_a_mockingbird.webp", "offer": false, "blurb": "In Harper Lee’s timeless classic, 'To Kill a Mockingbird,' the young Scout Finch witnesses the racial injustices that pervade her town of Maycomb, Alabama. As her father, Atticus Finch, defends an innocent black man accused of rape, Scout learns about the complexities of morality and human nature. \n\nThe novel is an exploration of social issues such as racism and inequality, delivered through the poignant and innocent voice of a child. It stands as one of the most influential works of American literature, celebrated for its powerful depiction of justice and empathy.", "genres": [1]}}, {"model": "books.book", "pk": 10, "fields": {"sku": "B010", "title": "The Lord of the Rings", "author": null, "price": "18.99", "short_description": "An epic high-fantasy trilogy chronicling the quest to destroy the One Ring and defeat the Dark Lord Sauron.", "number_of_pages": 1178, "release_date": "1954-07-29", "image_url": "", "image": "the_lord_of_the_rings.webp", "offer": true, "blurb": "'The Lord of the Rings' is an epic fantasy trilogy that transports readers to Middle-earth, a world filled with diverse creatures, ancient lore, and the looming shadow of the Dark Lord Sauron. The story follows Frodo Baggins, a humble hobbit tasked with the monumental responsibility of destroying the One Ring, a powerful artifact capable of enslaving the world. \n\nTolkien’s masterful world-building, richly developed characters, and themes of friendship, sacrifice, and heroism make this a cornerstone of modern fantasy literature. The trilogy’s sweeping narrative and deep mythology have captivated generations, setting the standard for epic tales of good versus evil.", "genres": [2]}}, {"model": "books.book", "pk": 11, "fields": {"sku": "B011", "title": "Brave New World", "author": null, "price": "7.99", "short_description": "A dystopian novel exploring a futuristic society controlled by technology and genetic engineering.", "number_of_pages": 288, "release_date": "1932-10-19", "image_url": "", "image": "a_brave_new_world.webp", "offer": false, "blurb": "'Brave New World' presents a future society where technology, consumerism, and genetic manipulation have eradicated individuality and freedom. In this world, emotions are regulated by drugs, and people are engineered to accept their predetermined roles in a rigid caste system. The novel follows Bernard Marx, a disillusioned member of this society, as he begins to question the purpose of his existence. \n\nHuxley’s prophetic vision of a world where humanity is sacrificed in the name of efficiency and control is both captivating and unsettling. It offers a profound critique of the potential dangers of technological advancement and the loss of human connection.", "genres": [1]}}, {"model": "books.book", "pk": 12, "fields": {"sku": "B012", "title": "The Alchemist", "author": null, "price": "11.99", "short_description": "A philosophical novel following the journey of an Andalusian shepherd boy named Santiago as he travels to Egypt in search of treasure.", "number_of_pages": 197, "release_date": "1988-01-01", "image_url": "", "image": "the_alchemist.webp", "offer": true, "blurb": "'The Alchemist' tells the enchanting story of Santiago, an Andalusian shepherd boy who dreams of discovering treasure in the Egyptian pyramids. Along the way, he learns valuable lessons about following one's dreams, listening to the heart, and understanding the soul of the world. \n\nPaulo Coelho’s philosophical novel weaves together themes of destiny, spirituality, and personal transformation, inspiring readers to reflect on their own journeys. It has become an international bestseller, beloved for its message of hope and its timeless wisdom about the pursuit of happiness and fulfillment.", "genres": [1]}}, {"model": "books.book", "pk": 13, "fields": {"sku": "B013", "title": "The Chronicles of Narnia", "author": null, "price": "22.99", "short_description": "A series of seven high-fantasy novels set in the magical realm of Narnia, exploring themes of good versus evil and Christian allegory.", "number_of_pages": 767, "release_date": "1950-01-01", "image_url": "", "image": "the_chronicles_of_narnia.webp", "offer": true, "blurb": "C.S. Lewis’s 'The Chronicles of Narnia' transports readers to a magical world where animals talk, children become kings and queens, and the battle between good and evil unfolds in a richly imagined landscape. Through seven books, readers follow the Pevensie siblings and others as they encounter Aslan, the great lion, and embark on journeys filled with danger, wonder, and redemption. \n\nFilled with Christian allegory and profound moral lessons, 'The Chronicles of Narnia' has enchanted readers of all ages for decades. Lewis’s timeless stories explore themes of faith, courage, and the power of love in a way that resonates across generations.", "genres": [2]}}, {"model": "books.book", "pk": 14, "fields": {"sku": "B014", "title": "Moby-Dick; or, The Whale", "author": null, "price": "15.49", "short_description": "A novel depicting the obsessive quest of Captain Ahab for revenge on a giant white sperm whale.", "number_of_pages": 720, "release_date": "1951-10-18", "image_url": "", "image": "moby_dick.webp", "offer": false, "blurb": "'Moby-Dick' is Herman Melville's monumental tale of obsession and vengeance. Captain Ahab’s relentless pursuit of the great white whale, Moby Dick, becomes a metaphor for humanity’s futile struggle against the forces of nature and fate. Through the eyes of the young sailor Ishmael, the novel explores themes of isolation, madness, and the destructive power of obsession. \n\nMelville’s rich symbolism and philosophical depth have made 'Moby-Dick' one of the most studied and revered works of American literature. Its epic scope and profound themes continue to captivate readers and challenge their perceptions of existence and the human condition.", "genres": [1]}}, {"model": "books.book", "pk": 15, "fields": {"sku": "B015", "title": "The Picture of Dorian Gray", "author": null, "price": "8.99", "short_description": "A Gothic novel exploring the themes of aestheticism, narcissism, and the consequences of vanity.", "number_of_pages": 254, "release_date": "1980-01-20", "image_url": "", "image": "the_picture_of_dorian_gray.webp", "offer": true, "blurb": "Oscar Wilde’s 'The Picture of Dorian Gray' is a Gothic exploration of vanity, corruption, and the dark consequences of a life devoted to pleasure. Dorian Gray, a young man of stunning beauty, makes a Faustian bargain, allowing his portrait to age while he remains forever youthful. As Dorian indulges in a hedonistic lifestyle, his portrait grows increasingly grotesque, reflecting the decay of his soul. \n\nWilde’s novel is a scathing critique of the aestheticism movement and the dangers of living without moral consequence. Its haunting themes of self-destruction and the pursuit of eternal beauty continue to resonate with readers today.", "genres": [1]}}, {"model": "books.book", "pk": 16, "fields": {"sku": "B016", "title": "Frankenstein; or, The Modern Prometheus", "author": null, "price": "10.49", "short_description": "A novel depicting the story of Victor Frankenstein, a young scientist who creates a grotesque creature in an unorthodox scientific experiment.", "number_of_pages": 280, "release_date": "1818-01-01", "image_url": "", "image": "frankenstein.webp", "offer": false, "blurb": "Mary Shelley’s 'Frankenstein' is a groundbreaking novel that explores the boundaries of science, nature, and human ambition. Victor Frankenstein, a passionate young scientist, becomes obsessed with unlocking the secrets of life, ultimately creating a monstrous creature from stolen body parts. As the creature comes to life, Frankenstein's life spirals into chaos, as he is forced to confront the consequences of his unorthodox experiments.\n\nThis Gothic masterpiece delves into themes of isolation, identity, and the moral limits of scientific exploration. 'Frankenstein' remains a cautionary tale about the dangers of unchecked ambition and the human yearning to play god, making it one of the earliest works of science fiction.", "genres": [11]}}, {"model": "books.book", "pk": 17, "fields": {"sku": "B017", "title": "The Hitchhiker's Guide to the Galaxy", "author": null, "price": "9.99", "short_description": "A humorous science fiction series following the misadventures of Arthur Dent, an unwitting Earthling.", "number_of_pages": 216, "release_date": "1979-10-12", "image_url": "", "image": "the_hitchhikers_guide_to_the_galaxy.webp", "offer": true, "blurb": "Douglas Adams' 'The Hitchhiker's Guide to the Galaxy' is a comedic adventure that begins when Arthur Dent discovers that Earth is about to be demolished to make way for an interstellar highway. Rescued by an alien friend, Arthur is whisked off on an absurd and hilarious journey across the cosmos, encountering quirky characters and strange civilizations along the way.\n\nThe novel blends satire, science fiction, and wit, poking fun at the absurdities of life and the universe itself. With its memorable catchphrases, iconic towel references, and endless humor, this book remains a beloved classic of the genre, entertaining readers with its unique blend of philosophy and silliness.", "genres": [3]}}, {"model": "books.book", "pk": 18, "fields": {"sku": "B018", "title": "The Road", "author": null, "price": "13.99", "short_description": "A post-apocalyptic novel following a father and son's journey across a ravaged landscape.", "number_of_pages": 241, "release_date": "2006-09-26", "image_url": "", "image": "the_road.webp", "offer": false, "blurb": "Cormac McCarthy's 'The Road' is a harrowing tale of survival and love in a bleak post-apocalyptic world. A father and his young son traverse a barren landscape, struggling to stay alive in a world devoid of civilization, where food is scarce, and danger lurks at every turn. Their bond becomes the emotional heart of the novel, as they hold onto hope in the face of despair.\n\nThe novel's stark, poetic prose reflects the desolation of the setting, making the narrative all the more haunting. McCarthy’s meditation on humanity, morality, and the enduring strength of love and family in the darkest of times resonates deeply, offering readers a powerful, unforgettable experience.", "genres": [1, 13]}}, {"model": "books.book", "pk": 19, "fields": {"sku": "B019", "title": "The Kite Runner", "author": null, "price": "11.49", "short_description": "A novel depicting the friendship between two young boys in Afghanistan and the consequences of betrayal.", "number_of_pages": 372, "release_date": "2003-05-29", "image_url": "", "image": "the_kite_runner.webp", "offer": true, "blurb": "Khaled Hosseini's 'The Kite Runner' is a poignant story of friendship, betrayal, and redemption set against the backdrop of a changing Afghanistan. The novel follows the intertwined lives of Amir, a privileged boy, and Hassan, his loyal friend and servant, whose bond is shattered by an act of betrayal. As the years pass, Amir’s guilt over this betrayal haunts him, leading him on a journey of redemption.\n\nHosseini vividly portrays the complexities of friendship, family, and loyalty while offering an intimate look at Afghan culture and history. 'The Kite Runner' is a powerful exploration of forgiveness, atonement, and the enduring scars of the past, capturing readers with its emotional depth and moral dilemmas.", "genres": [1]}}, {"model": "books.book", "pk": 20, "fields": {"sku": "B020", "title": "One Hundred Years of Solitude", "author": null, "price": "14.99", "short_description": "A landmark novel chronicling the Buendía family's generations in the fictional town of Macondo.", "number_of_pages": 417, "release_date": "1967-05-30", "image_url": "", "image": "one_hundred_years_of_solitude.webp", "offer": false, "blurb": "'One Hundred Years of Solitude' by Gabriel García Márquez is a magical realist masterpiece chronicling the rise and fall of the Buendía family in the mythical town of Macondo. The novel spans several generations, weaving together family drama, political strife, and supernatural occurrences, creating a richly layered narrative that reflects the human condition. Each member of the Buendía family faces the cyclical nature of history, love, and solitude.\n\nThrough the lens of magical realism, Márquez explores themes of memory, fate, and the inexorable passage of time. His prose is lush and imaginative, transforming ordinary moments into extraordinary events, and making this novel a seminal work of Latin American literature that continues to captivate readers worldwide.", "genres": [8]}}, {"model": "books.book", "pk": 21, "fields": {"sku": "B021", "title": "Sapiens: A Brief History of Humankind", "author": null, "price": "16.99", "short_description": "An exploration of the history of Homo sapiens from the emergence of archaic human species to the present day.", "number_of_pages": 443, "release_date": "2011-02-10", "image_url": "", "image": "sapiens.webp", "offer": true, "blurb": "In 'Sapiens: A Brief History of Humankind,' Yuval Noah Harari takes readers on an expansive journey through the history of humanity, from the earliest days of Homo sapiens to the present. Harari examines how the Cognitive Revolution, the Agricultural Revolution, and the Scientific Revolution shaped our species and the world around us. His insights into the role of culture, technology, and politics highlight how Homo sapiens became the dominant species on Earth.\n\nWith a blend of history, anthropology, and philosophy, Harari's narrative raises thought-provoking questions about our past, present, and future. He challenges readers to consider the impact of modern human behavior on society, the environment, and the potential paths humanity may take moving forward.", "genres": [9]}}, {"model": "books.book", "pk": 22, "fields": {"sku": "B022", "title": "The Girl with the Dragon Tattoo", "author": null, "price": "10.99", "short_description": "A psychological thriller following journalist Mikael Blomkvist and hacker Lisbeth Salander as they investigate a disappearance.", "number_of_pages": 590, "release_date": "2005-08-01", "image_url": "", "image": "the_girl_with_the_dragon_tattoo.webp", "offer": false, "blurb": "'The Girl with the Dragon Tattoo' by Stieg Larsson is a gripping psychological thriller that intertwines the worlds of investigative journalism and cyber-hacking. Journalist Mikael Blomkvist is hired to investigate a decades-old disappearance of a young woman from a wealthy Swedish family. He teams up with the enigmatic and brilliant hacker Lisbeth Salander, and together they uncover shocking secrets that put their lives at risk.\n\nLarsson crafts a dark and suspenseful narrative filled with complex characters, corporate corruption, and chilling crime. The novel is a masterful blend of mystery and social commentary, making it an intense and thought-provoking read for fans of thrillers and crime fiction.", "genres": [10]}}, {"model": "books.book", "pk": 23, "fields": {"sku": "B023", "title": "Gone with the Wind", "author": null, "price": "13.49", "short_description": "A historical romance set during the American Civil War and Reconstruction era, following the life of Scarlett O'Hara.", "number_of_pages": 1037, "release_date": "1936-06-30", "image_url": "", "image": "gone_with_the_wind.webp", "offer": true, "blurb": "Margaret Mitchell’s 'Gone with the Wind' is an epic romance set against the tumultuous backdrop of the American Civil War and its aftermath. The novel follows Scarlett O'Hara, a Southern belle, as she navigates love, loss, and survival during one of the most turbulent times in American history. Scarlett's resilience, ambition, and flawed character make her a compelling protagonist in this sweeping saga. \n\nAs much a war story as it is a romance, 'Gone with the Wind' also provides a critical look at Southern society and its transformation in the Reconstruction era. Through richly detailed descriptions and unforgettable characters, Mitchell paints a portrait of a world forever changed by war.", "genres": [5]}}, {"model": "books.book", "pk": 24, "fields": {"sku": "B024", "title": "The Da Vinci Code", "author": null, "price": "9.99", "short_description": "A mystery thriller following symbologist Robert Langdon as he investigates a murder in the Louvre Museum.", "number_of_pages": 593, "release_date": "2003-03-18", "image_url": "", "image": "the_da_vinci_code.webp", "offer": false, "blurb": "'The Da Vinci Code' by Dan Brown is a fast-paced thriller that weaves together history, art, and cryptic puzzles. When symbologist Robert Langdon is called to the Louvre Museum after a mysterious murder, he uncovers a web of secrets hidden within some of the world’s most famous works of art. The novel’s intricate plot challenges readers to solve the mystery alongside Langdon as he uncovers shocking revelations about religious history. \n\nBlending fact with fiction, Brown creates a suspenseful narrative that explores themes of faith, knowledge, and conspiracy. The novel became an international sensation, captivating readers with its engaging blend of intellectual puzzle-solving and relentless action.", "genres": [6]}}, {"model": "books.book", "pk": 25, "fields": {"sku": "B025", "title": "The Bell Jar", "author": null, "price": "8.49", "short_description": "A semi-autobiographical novel detailing a young woman's descent into mental illness.", "number_of_pages": 244, "release_date": "1963-01-14", "image_url": "", "image": "the_bell_jar.webp", "offer": true, "blurb": "'The Bell Jar' is Sylvia Plath’s harrowing exploration of mental illness and the pressures of societal expectations on young women. The novel follows Esther Greenwood, a promising young writer, as she struggles with depression and the suffocating feeling of being trapped in her own life. Plath’s vivid prose captures the raw emotions and dark thoughts that lead Esther deeper into despair. \n\nBased partly on Plath’s own experiences, 'The Bell Jar' remains a powerful and poignant portrayal of mental health and the often overwhelming weight of self-doubt. It continues to resonate with readers, offering insight into the personal and societal challenges faced by women.", "genres": [1]}}, {"model": "books.book", "pk": 26, "fields": {"sku": "B026", "title": "The Shining", "author": null, "price": "11.49", "short_description": "A horror novel following the Torrance family as they become caretakers of the isolated Overlook Hotel during the winter season.", "number_of_pages": 447, "release_date": "1977-01-28", "image_url": "", "image": "the_shining.webp", "offer": false, "blurb": "Stephen King’s 'The Shining' tells the terrifying story of Jack Torrance, an aspiring writer and recovering alcoholic, who becomes the winter caretaker of the remote Overlook Hotel. As Jack's mental state deteriorates under the influence of the hotel’s dark forces, his wife Wendy and son Danny are thrust into a nightmare. Danny, who possesses psychic abilities, begins to experience horrifying visions, sensing the malevolent presence within the hotel. \n\nWith its unsettling atmosphere and psychological tension, 'The Shining' explores themes of madness, isolation, and the destructive power of addiction. King's masterful storytelling and complex characters make it one of the most iconic horror novels of all time.", "genres": [7]}}, {"model": "books.book", "pk": 27, "fields": {"sku": "B027", "title": "The Hunger Games", "author": null, "price": "10.99", "short_description": "The first installment in a dystopian trilogy, where teenagers are forced to fight to the death in a televised event.", "number_of_pages": 374, "release_date": "2008-09-14", "image_url": "", "image": "the_hunger_games.webp", "offer": true, "blurb": "In Suzanne Collins’s 'The Hunger Games,' the dystopian world of Panem forces its young citizens to fight to the death in a brutal, televised competition. Katniss Everdeen volunteers in place of her sister for the annual Hunger Games, becoming a symbol of hope and rebellion against the oppressive regime. Katniss's journey is both a gripping survival story and a profound commentary on the impact of violence and power. \n\nThrough its fast-paced action, emotional depth, and exploration of complex social themes, 'The Hunger Games' became a global phenomenon. It delves into issues of morality, survival, and the cost of rebellion, making it a thought-provoking read for audiences of all ages.", "genres": [4]}}, {"model": "books.book", "pk": 28, "fields": {"sku": "B028", "title": "A Game of Thrones", "author": null, "price": "14.99", "short_description": "The first book in the epic fantasy series 'A Song of Ice and Fire', following the power struggles among noble families vying for control of the Iron Throne.", "number_of_pages": 694, "release_date": "1996-09-06", "image_url": "", "image": "a_game_of_thrones.webp", "offer": false, "blurb": "'A Game of Thrones' by George R.R. Martin is the opening novel of the 'A Song of Ice and Fire' series, a tale of political intrigue, war, and betrayal. Set in the Seven Kingdoms of Westeros, the novel introduces readers to a cast of complex characters, from noble families vying for power to the mysterious forces lurking beyond the Wall. Martin weaves an intricate plot filled with unexpected twists, brutal realism, and rich world-building. \n\nWith its mature themes and morally ambiguous characters, 'A Game of Thrones' redefined the modern fantasy genre. Readers are drawn into a world where honor and loyalty often clash with ambition and survival, setting the stage for an epic saga of conquest, treachery, and shifting alliances.", "genres": [2]}}, {"model": "books.book", "pk": 29, "fields": {"sku": "B029", "title": "The Handmaid's Tale", "author": null, "price": "12.49", "short_description": "A dystopian novel set in a future America where women's rights have been severely restricted.", "number_of_pages": 311, "release_date": "1985-09-01", "image_url": "", "image": "the_handmaids_tale.webp", "offer": true, "blurb": "Margaret Atwood’s 'The Handmaid’s Tale' imagines a dystopian future where women have been stripped of their rights in the Republic of Gilead. The story is narrated by Offred, a woman forced into servitude as a 'handmaid,' whose only purpose is to bear children for the ruling elite. The novel explores themes of power, control, and gender oppression, offering a chilling vision of what happens when freedom is lost. \n\nAtwood's haunting prose and vivid depiction of a world where women's bodies are controlled by the state make 'The Handmaid’s Tale' a timeless exploration of gender politics. Its themes remain disturbingly relevant, prompting readers to reflect on the fragility of rights and personal autonomy.", "genres": [1]}}, {"model": "books.book", "pk": 30, "fields": {"sku": "B030", "title": "The Stand", "author": null, "price": "13.99", "short_description": "A post-apocalyptic horror novel following the survivors of a deadly pandemic.", "number_of_pages": 1439, "release_date": "1978-10-03", "image_url": "", "image": "the_stand.webp", "offer": false, "blurb": "'The Stand' is Stephen King’s post-apocalyptic epic, a battle between good and evil set in the aftermath of a pandemic that wipes out most of humanity. The survivors are drawn to two camps: one led by the saintly Mother Abagail and the other by the dark figure of Randall Flagg. The novel explores humanity's enduring fight for survival and the moral choices people face when the world is reduced to chaos. \n\nWith its sprawling narrative and richly drawn characters, 'The Stand' captures the fear and hope that arise in a broken world. King combines elements of horror, fantasy, and suspense to create one of his most iconic and ambitious works.", "genres": [7]}}, {"model": "books.book", "pk": 31, "fields": {"sku": "B031", "title": "The Silent Patient", "author": null, "price": "13.99", "short_description": "A psychological thriller about a woman who stops speaking after being accused of murdering her husband, and the therapist determined to uncover the truth.", "number_of_pages": 336, "release_date": "2019-02-05", "image_url": "", "image": "the_silent_patient.webp", "offer": true, "blurb": "Alicia Berenson, a celebrated painter, is found standing over her husband’s body after shooting him five times in the face. Yet, from that moment, she refuses to speak another word. Her shocking silence becomes the focal point of media sensation and mystery. 'The Silent Patient' takes readers on a chilling psychological journey as Alicia's story unravels. \n\nEnter Theo Faber, a determined psychotherapist convinced he can get her to speak. As Theo becomes obsessed with unlocking Alicia’s silence, he delves deeper into her life, uncovering hidden truths about both her and himself. With twists and turns at every corner, Alex Michaelides’ thriller keeps readers guessing until the final, unforgettable revelation.", "genres": [4, 7]}}, {"model": "books.book", "pk": 32, "fields": {"sku": "B032", "title": "The Book Thief", "author": null, "price": "14.99", "short_description": "The story of a young girl in Nazi Germany who steals books and shares them during the war.", "number_of_pages": 552, "release_date": "2005-03-14", "image_url": "", "image": "the_book_thief.webp", "offer": true, "blurb": "Set in Nazi Germany, 'The Book Thief' tells the poignant and heart-wrenching story of Liesel Meminger, a young girl whose life is forever changed by war and loss. Liesel's fascination with words leads her to steal books, even as she cannot yet read them. Her foster father teaches her to read, and she shares the stolen stories with her neighbors during bomb raids, offering them hope in a dark time. \n\nNarrated by Death itself, the novel is an exploration of humanity, tragedy, and resilience in the face of overwhelming horror. As Liesel and her family hide a Jewish man in their basement, the story weaves together themes of loss, survival, and the power of words to transcend pain and bring solace even in the darkest of times.", "genres": [1, 5]}}, {"model": "books.book", "pk": 33, "fields": {"sku": "B033", "title": "Catch-22", "author": null, "price": "10.99", "short_description": "A satirical novel that explores the absurdity of war and bureaucracy.", "number_of_pages": 453, "release_date": "1961-10-10", "image_url": "", "image": "catch_22.webp", "offer": false, "blurb": "In 'Catch-22,' Joseph Heller presents a darkly comedic take on the absurdity of war through the experiences of Captain John Yossarian, a World War II bomber pilot. Yossarian is caught in a nightmarish bureaucratic loop where survival becomes a matter of luck rather than skill. The novel’s namesake, the 'catch-22' rule, states that airmen deemed insane can be grounded, but anyone requesting to be grounded is considered sane and therefore ineligible to be relieved from duty. \n\nThe narrative’s non-linear structure and surreal humor highlight the absurdity of military logic and human existence. Through its vivid characters and satirical tone, 'Catch-22' offers a biting critique of the institutional incompetence and moral contradictions found in both war and life itself, making it one of the most influential anti-war novels of the 20th century.", "genres": [9, 13]}}, {"model": "books.book", "pk": 34, "fields": {"sku": "B034", "title": "Becoming", "author": null, "price": "16.99", "short_description": "A deeply personal memoir by the former First Lady of the United States, Michelle Obama.", "number_of_pages": 448, "release_date": "2018-11-13", "image_url": "", "image": "becoming.webp", "offer": true, "blurb": "In *Becoming*, Michelle Obama invites readers into her world, recounting her journey from the South Side of Chicago to becoming the First Lady of the United States. Through her candid and inspiring storytelling, she reflects on the challenges and triumphs she faced along the way, including her upbringing, education, and the role of family and community in shaping her identity. Obama emphasizes the importance of staying true to oneself and the power of resilience in the face of adversity.\n\nThis memoir is not only a look at her life but also an exploration of the broader themes of femininity, race, and social responsibility. Michelle Obama's journey from a young girl with big dreams to a powerful public figure offers a testament to the possibilities of hard work, perseverance, and the unwavering belief in one's worth. *Becoming* is an empowering narrative that inspires readers to embrace their own stories and strive for greatness.", "genres": [9, 12]}}, {"model": "books.book", "pk": 35, "fields": {"sku": "B035", "title": "Casino Royale", "author": null, "price": "12.99", "short_description": "James Bond embarks on his first mission to defeat a Soviet agent in a high-stakes game of poker.", "number_of_pages": 213, "release_date": "1953-04-13", "image_url": "", "image": "casino_royale.webp", "offer": false, "blurb": "In *Casino Royale*, Ian Fleming introduces readers to James Bond, the suave and deadly British secret agent with a license to kill. Bond’s first mission takes him to a glamorous casino in the French Riviera, where he must outplay Le Chiffre, a financier for Soviet intelligence, in a high-stakes poker game. As Bond engages in a deadly game of wits, he also forms a complicated relationship with Vesper Lynd, a beautiful and mysterious woman assigned to assist him. \n\nThe novel combines tension, action, and intrigue as Bond navigates a world of espionage and betrayal. With its intense psychological depth and thrilling narrative, *Casino Royale* sets the stage for the legendary 007 series, blending ruthless danger with a sharp, sophisticated style.", "genres": [6, 11]}}, {"model": "books.book", "pk": 36, "fields": {"sku": "B0036", "title": "Educated", "author": null, "price": "16.99", "short_description": "A memoir of a woman who grows up in a strict survivalist family and pursues education against all odds.", "number_of_pages": 334, "release_date": "2018-02-20", "image_url": "", "image": "educated.webp", "offer": true, "blurb": "In her memoir 'Educated,' Tara Westover recounts her remarkable journey from a survivalist upbringing in rural Idaho to earning a PhD from Cambridge University. Raised in a strict, isolated household where formal education and medical care were shunned, Westover’s desire for knowledge became her path to freedom. Her story is a gripping tale of the power of education to transform and the resilience needed to break free from familial and cultural constraints. \n\nThroughout the memoir, Westover reflects on the complexities of identity, family loyalty, and the search for truth. 'Educated' is more than just a personal story; it offers a universal exploration of the human capacity for growth, the costs of change, and the power of self-determination.", "genres": [9, 12]}}, {"model": "books.book", "pk": 37, "fields": {"sku": "B037", "title": "The Invisible Man", "author": null, "price": "9.99", "short_description": "A science fiction novel about a scientist who becomes invisible and the consequences that follow.", "number_of_pages": 208, "release_date": "1897-06-12", "image_url": "", "image": "the_invisible_man.webp", "offer": false, "blurb": "'The Invisible Man' by H.G. Wells is a groundbreaking science fiction novel that delves into the dark consequences of unchecked ambition. The story follows Griffin, a scientist who unlocks the secret to invisibility, but with it, loses his humanity. As Griffin’s actions become increasingly erratic and dangerous, the novel explores themes of isolation, power, and the inherent dangers of science without morality. \n\nWells crafts a chilling narrative about the destructive power of invisibility, both literally and figuratively. Through the character of Griffin, readers are presented with a cautionary tale about what happens when one’s pursuit of knowledge turns into obsession, raising questions about identity and the human condition.", "genres": [3, 7]}}, {"model": "books.book", "pk": 38, "fields": {"sku": "B038", "title": "American Gods", "author": null, "price": "13.99", "short_description": "A novel where gods of ancient mythology exist in modern America, waging a battle for survival.", "number_of_pages": 465, "release_date": "2001-06-19", "image_url": "", "image": "american_gods.webp", "offer": false, "blurb": "Neil Gaiman’s 'American Gods' weaves a rich tapestry of myth, modernity, and mystery. The novel follows Shadow, an ex-convict whose life is upended when he becomes entangled in a battle between the old gods of myth and legend and the new gods of modern technology, media, and commerce. Gaiman’s exploration of the immigrant experience and the changing face of belief in America is both epic in scope and deeply personal. \n\nWith its mix of dark humor, intricate mythology, and haunting landscapes, 'American Gods' is a story about the fading power of ancient deities and the human quest for meaning in a world dominated by new forms of worship. It is a thought-provoking meditation on identity, faith, and the nature of power in a society driven by change.", "genres": [1, 2]}}, {"model": "books.book", "pk": 39, "fields": {"sku": "B0039", "title": "Rebecca", "author": null, "price": "11.99", "short_description": "A gothic mystery about a woman haunted by the memory of her husband's first wife.", "number_of_pages": 448, "release_date": "1938-08-01", "image_url": "", "image": "rebecca.webp", "offer": false, "blurb": "'Rebecca' is Daphne du Maurier’s timeless gothic masterpiece that explores love, jealousy, and the haunting presence of the past. The novel follows a young, unnamed narrator who marries the wealthy widower Maxim de Winter, only to find herself overshadowed by the lingering influence of his first wife, Rebecca. Set against the brooding backdrop of Manderley, the narrative blends romance and mystery, unraveling a twisted tale of deceit and hidden secrets. \n\nWith its atmospheric tension and complex characters, 'Rebecca' is a psychological study of obsession and control. The novel explores themes of identity, power, and the destructive force of memory, captivating readers with its eerie beauty and slow-building suspense.", "genres": [10, 11]}}, {"model": "books.book", "pk": 40, "fields": {"sku": "B040", "title": "The Shadow of the Wind", "author": null, "price": "13.99", "short_description": "A young boy discovers a mysterious book in post-war Barcelona, leading him into a web of intrigue.", "number_of_pages": 487, "release_date": "2001-06-05", "image_url": "", "image": "the_shadow_of_the_wind.webp", "offer": false, "blurb": "In 'The Shadow of the Wind,' Carlos Ruiz Zafón creates a mesmerizing story about a young boy, Daniel, who discovers a rare book in post-war Barcelona. As he becomes entranced by the novel and its mysterious author, Daniel is drawn into a shadowy web of intrigue, danger, and forgotten history. Zafón paints a vivid picture of a city haunted by its past, filled with complex characters and labyrinthine secrets. \n\nThis novel is both a literary thriller and a heartfelt coming-of-age tale. With themes of memory, love, and the power of books, 'The Shadow of the Wind' is a captivating homage to the art of storytelling and the enduring impact of literature on our lives.", "genres": [5, 10]}}, {"model": "books.book", "pk": 41, "fields": {"sku": "B041", "title": "The Fault in Our Stars", "author": null, "price": "10.99", "short_description": "A heart-wrenching love story between two teenagers living with cancer.", "number_of_pages": 313, "release_date": "2012-01-10", "image_url": "", "image": "the_fault_in_our_stars.webp", "offer": true, "blurb": "John Green’s 'The Fault in Our Stars' is a deeply moving love story that follows Hazel Grace Lancaster and Augustus Waters, two teenagers who meet in a cancer support group. Despite their difficult circumstances, they form a bond that defies the limitations imposed by their illnesses, finding comfort, humor, and love in one another. Green’s novel is an exploration of life’s uncertainties, love’s triumphs, and the painful beauty of mortality. \n\nAt its heart, 'The Fault in Our Stars' is a tender and honest portrayal of young love in the face of terminal illness. It confronts profound themes of loss, hope, and what it means to live a meaningful life, resonating with readers of all ages. The novel is celebrated for its emotional depth and its ability to handle sensitive topics with grace and empathy.", "genres": [1, 4]}}, {"model": "books.book", "pk": 42, "fields": {"sku": "B042", "title": "The Power of Habit", "author": null, "price": "16.99", "short_description": "An exploration of the science behind habit formation and how we can change our lives by changing habits.", "number_of_pages": 400, "release_date": "2012-02-28", "image_url": "", "image": "the_power_of_habit.webp", "offer": false, "blurb": "'The Power of Habit' by Charles Duhigg dives into the science of why habits exist and how they can be transformed. Drawing from research in psychology, neuroscience, and behavioral economics, Duhigg explains how habits shape our lives, from the mundane routines we perform daily to the most significant decisions we make. He reveals how understanding the habit loop—cue, routine, and reward—can lead to personal and organizational transformation. \n\nThrough captivating stories of individuals and businesses that have harnessed the power of habits, Duhigg illustrates the immense potential for change when we become aware of the hidden forces guiding our actions. 'The Power of Habit' is an empowering guide for anyone seeking to make lasting improvements in their personal or professional life.", "genres": [5]}}, {"model": "books.book", "pk": 43, "fields": {"sku": "B043", "title": "The Underground Railroad", "author": null, "price": "14.99", "short_description": "A gripping novel that reimagines the Underground Railroad as an actual underground railway system.", "number_of_pages": 320, "release_date": "2016-08-02", "image_url": "", "image": "the_underground_railroad.webp", "offer": false, "blurb": "Colson Whitehead’s 'The Underground Railroad' reimagines one of history’s most significant escape routes as a literal underground network of tracks and trains. The novel follows Cora, an enslaved young woman who seeks freedom by navigating this dangerous and mysterious system. As she journeys across different states, each presenting its own nightmarish version of oppression, Whitehead offers a haunting commentary on the enduring legacy of slavery in America. \n\nWith its powerful blend of history and fantasy, 'The Underground Railroad' is both a gripping adventure and a profound reflection on race, resilience, and the relentless pursuit of freedom. Whitehead’s novel won the Pulitzer Prize for its raw, poignant, and unforgettable portrayal of the horrors of slavery and the human spirit’s capacity for survival.", "genres": [5, 8]}}, {"model": "books.book", "pk": 44, "fields": {"sku": "B044", "title": "Dracula", "author": null, "price": "9.99", "short_description": "The classic gothic horror novel that introduced the world to the infamous Count Dracula.", "number_of_pages": 418, "release_date": "1897-05-26", "image_url": "", "image": "dracula.webp", "offer": false, "blurb": "Bram Stoker’s 'Dracula' is the quintessential gothic horror novel that introduced the world to one of literature’s most iconic villains—Count Dracula. The story is told through a series of diary entries, letters, and newspaper articles, following Jonathan Harker, Dr. Van Helsing, and others as they battle the terrifying vampire who seeks to spread his curse beyond Transylvania. Stoker’s novel blends elements of romance, terror, and the supernatural, creating a chilling atmosphere that has captivated readers for over a century. \n\n' Dracula' explores themes of fear, desire, and the unknown, while also reflecting Victorian anxieties about modernity and the collapse of tradition. The novel’s legacy endures not only for its thrilling narrative but also for its rich symbolism and the eerie, seductive figure of Dracula himself, a character who continues to haunt popular culture.", "genres": [7, 11]}}, {"model": "books.book", "pk": 45, "fields": {"sku": "B045", "title": "Never Let Me Go", "author": null, "price": "12.99", "short_description": "A dystopian novel about a group of students who discover the dark purpose of their existence.", "number_of_pages": 288, "release_date": "2005-03-03", "image_url": "", "image": "never_let_me_go.webp", "offer": true, "blurb": "Kazuo Ishiguro’s 'Never Let Me Go' is a haunting dystopian novel that explores themes of humanity, ethics, and the meaning of life. Set in a seemingly idyllic boarding school called Hailsham, the story follows three students—Kathy, Tommy, and Ruth—as they grow up and slowly discover the unsettling truth about their existence. Their lives, seemingly normal, are in fact part of a larger, dystopian reality in which they are destined to serve a dark purpose. \n\nThrough subtle prose and deep emotional undercurrents, Ishiguro examines the fragility of human life and the ethical dilemmas surrounding technology, cloning, and organ donation. 'Never Let Me Go' is a deeply moving and thought-provoking story about love, loss, and the human condition.", "genres": [3, 13]}}, {"model": "books.book", "pk": 46, "fields": {"sku": "B016", "title": "American Gods", "author": null, "price": "13.99", "short_description": "A novel where gods of ancient mythology exist in modern America, waging a battle for survival.", "number_of_pages": 465, "release_date": "2001-06-19", "image_url": "", "image": "american_gods.webp", "offer": false, "blurb": "In 'American Gods,' Neil Gaiman crafts a sprawling tale that explores the clash between old gods of ancient mythology and the new deities of modern culture, such as technology and media. The story follows Shadow, an ex-convict, as he becomes entangled in this cosmic struggle after being hired by the enigmatic Mr. Wednesday. Gaiman masterfully blends American folklore, myth, and urban fantasy into a dark and captivating journey through the hidden forces shaping the world. \n\nWith its richly drawn characters and multilayered themes, 'American Gods' examines the nature of belief, identity, and the evolving spirit of America. It is a meditation on the shifting powers in society, offering both a thrilling adventure and a deep reflection on human culture and spirituality.", "genres": [1, 2]}}, {"model": "books.book", "pk": 47, "fields": {"sku": "B047", "title": "The Martian", "author": null, "price": "11.99", "short_description": "An astronaut stranded on Mars fights to survive and find a way to communicate with Earth.", "number_of_pages": 384, "release_date": "2011-02-11", "image_url": "", "image": "the_martian.webp", "offer": true, "blurb": "'The Martian' by Andy Weir tells the gripping tale of astronaut Mark Watney, who finds himself stranded alone on Mars after a mission goes disastrously wrong. Faced with seemingly insurmountable odds, Mark uses his wit, engineering skills, and sheer determination to survive, all while keeping a dry sense of humor. His battle for survival is not just against the harsh Martian environment but also time, as Earth scrambles to find a way to rescue him. \n\nThrough a mix of scientific realism and human resilience, Weir captures the essence of space exploration and the indomitable spirit of survival. 'The Martian' is a fast-paced, immersive novel that delves into the dangers and thrills of outer space while celebrating the ingenuity and courage of one man against impossible odds.", "genres": [1, 3]}}, {"model": "books.book", "pk": 48, "fields": {"sku": "B048", "title": "Sharp Objects", "author": null, "price": "12.99", "short_description": "A psychological thriller about a reporter who returns to her hometown to investigate a series of brutal murders.", "number_of_pages": 254, "release_date": "2006-09-26", "image_url": "", "image": "sharp_objects.webp", "offer": false, "blurb": "In 'Sharp Objects,' Gillian Flynn delves into the darkest corners of small-town America with a chilling psychological thriller. Camille Preaker, a troubled journalist fresh out of a psychiatric hospital, is sent back to her hometown to investigate the brutal murders of two young girls. As she unravels the sinister secrets of the town, Camille is forced to confront her own deeply buried traumas and the disturbing family dynamics that haunt her. \n\nWith Flynn’s trademark sharp prose and unrelenting tension, 'Sharp Objects' is both a mystery and a character study, exploring themes of mental illness, self-destruction, and the lasting scars of childhood trauma. This unsettling and engrossing novel leaves readers questioning the true nature of evil and the fragile line between sanity and madness.", "genres": [6, 10]}}, {"model": "books.book", "pk": 49, "fields": {"sku": "B049", "title": "Beloved", "author": null, "price": "10.99", "short_description": "A haunting novel about slavery, freedom, and a mother's traumatic past, set after the American Civil War.", "number_of_pages": 324, "release_date": "1987-09-16", "image_url": "", "image": "beloved.webp", "offer": true, "blurb": "'Beloved' by Toni Morrison is a harrowing and poetic exploration of the enduring horrors of slavery and its aftershocks in post-Civil War America. The novel follows Sethe, an escaped slave, who is haunted by the ghost of her deceased daughter, Beloved. As Sethe struggles to make a new life for herself, she is forced to confront the trauma of her past, the horrors she endured, and the choices she made in the name of love and survival. \n\nMorrison’s powerful narrative weaves together memory, pain, and a relentless quest for redemption. 'Beloved' is a profound meditation on motherhood, identity, and the human capacity for both unimaginable cruelty and enduring love. It remains a cornerstone of American literature, offering an unflinching look at the legacy of slavery and its lasting impact on individuals and society.", "genres": [1, 5]}}, {"model": "books.book", "pk": 50, "fields": {"sku": "B050", "title": "Fahrenheit 451", "author": null, "price": "9.99", "short_description": "A dystopian novel set in a future where books are banned and 'firemen' burn any they find.", "number_of_pages": 194, "release_date": "1953-10-19", "image_url": "", "image": "fahrenheit_451.webp", "offer": false, "blurb": "Ray Bradbury’s 'Fahrenheit 451' presents a bleak future where books are banned, and 'firemen' are tasked with burning any that are found. The story follows Guy Montag, a fireman who becomes disillusioned with his society's suppression of knowledge and culture. As Montag begins to question the purpose of his work and the emptiness of his life, he is drawn into a dangerous rebellion against the authoritarian regime that seeks to control thought by destroying books. \n\nBradbury’s chilling vision of a world without literature and critical thinking serves as both a cautionary tale and a timeless commentary on the power of ideas. 'Fahrenheit 451' is a searing indictment of censorship and the perils of complacency in the face of authoritarianism, making it a classic of dystopian literature.", "genres": [3, 13]}}, {"model": "books.book", "pk": 51, "fields": {"sku": "B051", "title": "The Color Purple", "author": null, "price": "11.99", "short_description": "A powerful novel about the lives of African American women in the early 20th century South.", "number_of_pages": 295, "release_date": "1982-10-18", "image_url": "", "image": "the_color_purple.webp", "offer": true, "blurb": "Alice Walker’s 'The Color Purple' is a groundbreaking novel that explores the struggles, resilience, and triumphs of African American women in the early 20th-century American South. Through the eyes of Celie, a young woman subjected to abuse and oppression, the novel chronicles her journey from voicelessness to empowerment, as she forges connections with other women who help her rediscover her sense of self-worth. Walker’s prose is both raw and lyrical, painting a vivid picture of the intersections of race, gender, and poverty. \n\nAt its heart, 'The Color Purple' is a story of survival, love, and redemption, examining the ways in which personal and spiritual growth are intertwined with the power of community. The novel remains a landmark of African American literature, celebrated for its emotional depth and its unflinching portrayal of the complexities of black womanhood in a world rife with injustice.", "genres": [1, 5]}}, {"model": "books.book", "pk": 52, "fields": {"sku": "B052", "title": "Animal Farm", "author": null, "price": "8.99", "short_description": "A political allegory in which a group of farm animals overthrow their human owner, only to be ruled by tyranny.", "number_of_pages": 112, "release_date": "1945-08-17", "image_url": "", "image": "animal_farm.webp", "offer": false, "blurb": "In 'Animal Farm', George Orwell presents a sharp and biting political allegory that explores the dynamics of power and corruption. The story unfolds on a farm where the animals, led by the pigs, revolt against their human owner, Mr. Jones. They establish a new government based on the principle of equality, but as time passes, the pigs begin to assume greater power and privileges, leading to a society that mirrors the very tyranny they sought to escape.\n\nThrough the rise and fall of the animal regime, Orwell critiques totalitarianism and the betrayal of revolutionary ideals. The familiar phrases 'All animals are equal, but some animals are more equal than others' resonate with readers as a cautionary tale about the fragility of freedom and the ease with which power can corrupt. 'Animal Farm' remains a timeless reflection on the nature of authority and the complex interplay between freedom and oppression.", "genres": [1, 13]}}, {"model": "books.book", "pk": 53, "fields": {"sku": "B053", "title": "The Outsiders", "author": null, "price": "9.50", "short_description": "A young adult novel that explores class conflict, friendship, and coming of age in the 1960s.", "number_of_pages": 192, "release_date": "1967-04-24", "image_url": "", "image": "the_outsiders.webp", "offer": true, "blurb": "'The Outsiders' by S.E. Hinton is a poignant exploration of teenage life and the stark realities of class conflict in 1960s America. The story centers around two rival groups, the Greasers and the Socs, whose differences in socioeconomic status lead to deep-seated tensions and violence. The novel is narrated by Ponyboy Curtis, a young Greaser who struggles with his identity and the harsh realities of his world, all while seeking acceptance and understanding.\n\nAs Ponyboy navigates the challenges of adolescence, he forms deep bonds with his friends and learns about loyalty, love, and the impact of societal divides. Hinton's authentic voice and raw storytelling provide insight into the struggles faced by young people, making 'The Outsiders' a timeless classic that resonates with readers of all ages, emphasizing the importance of empathy and understanding across social boundaries.", "genres": [1, 4]}}, {"model": "books.book", "pk": 54, "fields": {"sku": "B054", "title": "The House of the Spirits", "author": null, "price": "13.99", "short_description": "A novel about four generations of a family in Chile, blending magical realism with history and politics.", "number_of_pages": 448, "release_date": "1982-05-26", "image_url": "", "image": "the_house_of_the_spirits.webp", "offer": false, "blurb": "'The House of the Spirits' by Isabel Allende is a sweeping tale that interweaves the lives of the Trueba family over four generations against the backdrop of Chilean history. Blending magical realism with political and social themes, Allende crafts a rich narrative that explores love, power, and the impact of the past on the present. The story is narrated through the voices of powerful women, who possess extraordinary abilities and insights into their family's tumultuous history.\n\nAs the characters navigate personal and political upheavals, their intertwined destinies reflect the larger struggles of Chilean society. The novel examines themes of oppression, social justice, and the resilience of the human spirit. Allende's lyrical prose and profound character development create a tapestry of life that invites readers to reflect on their own histories and the legacies they inherit.", "genres": [5, 8]}}, {"model": "books.book", "pk": 55, "fields": {"sku": "B055", "title": "Room", "author": null, "price": "12.99", "short_description": "A thrilling and emotional story of a boy and his mother, held captive in a small room for years.", "number_of_pages": 321, "release_date": "2010-09-13", "image_url": "", "image": "room.webp", "offer": true, "blurb": "'Room' by Emma Donoghue tells the gripping story of Jack, a five-year-old boy who has lived his entire life in a small, locked room with his mother. They are captives of a man who has confined them for years, and the room is all Jack has ever known. Through his innocent and imaginative perspective, Donoghue presents a powerful exploration of childhood and the bond between mother and son amidst unimaginable circumstances.\n\nWhen Jack and his mother finally escape, they must confront the complexities of the outside world, which is both overwhelming and liberating. The novel delicately examines themes of trauma, resilience, and the struggle for identity, offering a poignant look at how love can endure even in the most challenging situations. 'Room' is a moving and thought-provoking narrative that leaves a lasting impact on its readers.", "genres": [1, 6]}}, {"model": "books.book", "pk": 56, "fields": {"sku": "B056", "title": "The Haunting of Hill House", "author": null, "price": "11.99", "short_description": "A gothic horror novel about four people investigating the mysterious and haunted Hill House.", "number_of_pages": 246, "release_date": "1959-10-16", "image_url": "", "image": "the_haunting_of_hill_house.webp", "offer": false, "blurb": "'The Haunting of Hill House' by Shirley Jackson is a masterful blend of psychological horror and gothic fiction. The story revolves around four individuals—Dr. John Montague, Eleanor Vance, Theodora, and Luke Sanderson—who come to Hill House to investigate its reputation for supernatural occurrences. As they stay in the eerie mansion, strange phenomena unfold, revealing the deep-seated fears and insecurities of each character.\n\nJackson skillfully explores themes of isolation, mental instability, and the complexity of human relationships against the haunting backdrop of Hill House. As the line between reality and illusion blurs, the characters must confront their own demons while grappling with the sinister history of the house. The novel's chilling atmosphere and psychological depth make it a seminal work in the horror genre, leaving readers questioning the very nature of fear.", "genres": [7, 11]}}, {"model": "books.book", "pk": 57, "fields": {"sku": "B057", "title": "Life of Pi", "author": null, "price": "10.99", "short_description": "A tale of survival where a young boy stranded at sea shares his boat with a Bengal tiger.", "number_of_pages": 319, "release_date": "2001-09-11", "image_url": "", "image": "life_of_pi.webp", "offer": true, "blurb": "'Life of Pi' by Yann Martel is a mesmerizing tale that explores themes of spirituality, survival, and the human spirit's resilience. The story follows Piscine Molitor Patel, known as Pi, who survives a shipwreck and finds himself stranded on a lifeboat in the Pacific Ocean with a Bengal tiger named Richard Parker. Their unlikely companionship challenges the boundaries of fear, faith, and survival as they navigate the vast and perilous sea together.\n\nThrough Pi's extraordinary journey, Martel delves into profound philosophical questions about faith, the nature of storytelling, and the intersection of reality and fiction. As Pi learns to coexist with the tiger and confronts the challenges of isolation, readers are taken on a transformative voyage that examines what it means to be alive. 'Life of Pi' is a rich and imaginative narrative that lingers in the minds of readers long after they turn the last page.", "genres": [1, 8]}}, {"model": "books.book", "pk": 58, "fields": {"sku": "B058", "title": "Big Little Lies", "author": null, "price": "13.99", "short_description": "A thriller about the lives of three women, leading up to a shocking murder in their community.", "number_of_pages": 460, "release_date": "2014-07-29", "image_url": "", "image": "big_little_lies.webp", "offer": false, "blurb": "In 'Big Little Lies,' Liane Moriarty masterfully blends humor and suspense in a tale centered around three women—Madeline, Celeste, and Jane. Their seemingly perfect lives are upended as secrets unravel in the close-knit Australian seaside community. The story builds up to a school trivia night, where a shocking murder occurs, leaving the characters and readers questioning who is responsible. \n\nWith themes of friendship, domestic violence, and the facade of perfection, 'Big Little Lies' is both a sharp social commentary and a riveting mystery. Moriarty’s engaging narrative and dynamic characters keep the reader enthralled as the pieces of the puzzle come together, revealing the lies that bind—and divide—these women.", "genres": [1, 6]}}, {"model": "books.book", "pk": 59, "fields": {"sku": "B059", "title": "Gone Girl", "author": null, "price": "14.99", "short_description": "A psychological thriller about the disappearance of a woman and the unraveling of her marriage.", "number_of_pages": 432, "release_date": "2012-06-05", "image_url": "", "image": "gone_girl.webp", "offer": false, "blurb": "In 'Gone Girl,' Gillian Flynn delves into the darkest corners of a modern marriage, crafting a gripping psychological thriller. The novel begins with the sudden disappearance of Amy Dunne on her fifth wedding anniversary, leaving her husband Nick as the prime suspect. As the investigation unfolds, the narrative alternates between Nick's perspective and Amy's diary entries, revealing startling contradictions and unsettling truths about their relationship. \n\nFlynn expertly weaves a tale of manipulation, betrayal, and revenge, keeping readers on edge with unexpected twists. 'Gone Girl' is not just a mystery about a missing wife, but a brilliant exploration of the lies couples tell one another and the masks they wear in the name of love.", "genres": [6, 10]}}, {"model": "books.book", "pk": 60, "fields": {"sku": "B060", "title": "The Help", "author": null, "price": "12.99", "short_description": "A story of three women in 1960s Mississippi who form an unlikely friendship while challenging societal norms.", "number_of_pages": 451, "release_date": "2009-02-10", "image_url": "", "image": "the_help.webp", "offer": true, "blurb": "Set in 1960s Mississippi, 'The Help' by Kathryn Stockett tells the powerful story of three women who come together to challenge the deeply ingrained racial divisions of their society. Skeeter, a young white aspiring journalist, forms an unlikely bond with Aibileen and Minny, two African-American maids, as they secretly collaborate on a project that risks their safety and livelihoods: documenting the untold stories of the black women who serve in white households. \n\nWith richly drawn characters and a vivid portrayal of the era, 'The Help' shines a spotlight on the courage it takes to speak up in the face of injustice. Through moments of heartbreak and humor, Stockett explores themes of friendship, dignity, and the transformative power of storytelling in a society resistant to change.", "genres": [1, 5]}}, {"model": "checkout.order", "pk": 1, "fields": {"order_number": "1867EAA229B44F92BD95B0703DC0992C", "user_profile": 1, "full_name": "paddy  walsh", "email": "1990paddywalsh@gmail.com", "phone_number": "524254", "country": "BH", "postcode": "dsgdfg344", "town_or_city": "sdf", "street_address1": "gfhjnm", "street_address2": null, "county": null, "date": "2024-09-29T21:13:55.764Z", "delivery_cost": "0.00", "order_total": "0.00", "grand_total": "0.00", "original_basket": "", "stripe_pid": "pi_3Q4UQHKRbG3iC6O61rhbxYLV"}}, {"model": "checkout.order", "pk": 2, "fields": {"order_number": "260C32B9DE974E439AA1AD00A6B630B3", "user_profile": 1, "full_name": "Paddy Walsh", "email": "paddy.walsh@nccresources.co.uk", "phone_number": "524254", "country": "BH", "postcode": "dsgdfg344", "town_or_city": "sdf", "street_address1": "gfhjnm", "street_address2": null, "county": null, "date": "2024-09-29T21:36:56.281Z", "delivery_cost": "0.00", "order_total": "0.00", "grand_total": "0.00", "original_basket": "", "stripe_pid": "pi_3Q4UmrKRbG3iC6O60wgdpWJK"}}, {"model": "checkout.order", "pk": 3, "fields": {"order_number": "585CCDC28CD44EF5A0C88A3C8C1015C9", "user_profile": 3, "full_name": "kjsdnksjdn", "email": "walsh.faye@yahoo.com", "phone_number": "qkdjfnkdf", "country": "AI", "postcode": "dkjfn", "town_or_city": "dlkjfndf", "street_address1": "kdjfn", "street_address2": "lkfn", "county": "kdjfndf", "date": "2024-09-30T15:11:59.694Z", "delivery_cost": "1.70", "order_total": "17.00", "grand_total": "18.70", "original_basket": "", "stripe_pid": "pi_3Q4lFfKRbG3iC6O61TnTHTSj"}}, {"model": "checkout.order", "pk": 4, "fields": {"order_number": "DC89DF5B89A642048920D45E2434AA40", "user_profile": 6, "full_name": "Daniel Walsh", "email": "mrdanielwalsh@hotmail.com", "phone_number": "0161 969 0270", "country": "GB", "postcode": "M33 3DW", "town_or_city": "Sale", "street_address1": "26", "street_address2": "Highfield Avenue", "county": "Cheshire", "date": "2024-10-01T18:29:19.974Z", "delivery_cost": "3.00", "order_total": "29.98", "grand_total": "32.98", "original_basket": "", "stripe_pid": "pi_3Q5AoPKRbG3iC6O61bqTXJCY"}}, {"model": "checkout.order", "pk": 5, "fields": {"order_number": "A38953AD02A345F29392D627DA9698D2", "user_profile": null, "full_name": "Bob the builder", "email": "bobthebuilder456789@bob.com", "phone_number": "0123456789101112", "country": "AI", "postcode": null, "town_or_city": "Buildville", "street_address1": "The yard", "street_address2": null, "county": null, "date": "2024-10-01T22:13:04.204Z", "delivery_cost": "0.85", "order_total": "8.49", "grand_total": "9.34", "original_basket": "", "stripe_pid": "pi_3Q5EI7KRbG3iC6O617uUJwj3"}}, {"model": "checkout.orderlineitem", "pk": 4, "fields": {"order": 3, "book": 3, "quantity": 2, "lineitem_total": "17.00"}}, {"model": "checkout.orderlineitem", "pk": 5, "fields": {"order": 4, "book": 35, "quantity": 2, "lineitem_total": "29.98"}}, {"model": "checkout.orderlineitem", "pk": 6, "fields": {"order": 5, "book": 3, "quantity": 1, "lineitem_total": "8.49"}}, {"model": "profiles.userprofile", "pk": 1, "fields": {"user": 1, "default_phone_number": "524254", "default_street_address1": "gfhjnm", "default_street_address2": null, "default_town_or_city": "sdf", "default_county": null, "default_postcode": "dsgdfg344", "default_country": "BH"}}, {"model": "profiles.userprofile", "pk": 2, "fields": {"user": 2, "default_phone_number": null, "default_street_address1": null, "default_street_address2": null, "default_town_or_city": null, "default_county": null, "default_postcode": null, "default_country": null}}, {"model": "profiles.userprofile", "pk": 3, "fields": {"user": 3, "default_phone_number": "08798978687", "default_street_address1": "1", "default_street_address2": "Town Street", "default_town_or_city": "Town 1", "default_county": "UK", "default_postcode": "TR123FD", "default_country": "GB"}}, {"model": "profiles.userprofile", "pk": 4, "fields": {"user": 4, "default_phone_number": null, "default_street_address1": null, "default_street_address2": null, "default_town_or_city": null, "default_county": null, "default_postcode": null, "default_country": null}}, {"model": "profiles.userprofile", "pk": 5, "fields": {"user": 5, "default_phone_number": null, "default_street_address1": null, "default_street_address2": null, "default_town_or_city": null, "default_county": null, "default_postcode": null, "default_country": null}}, {"model": "profiles.userprofile", "pk": 6, "fields": {"user": 6, "default_phone_number": "0161 969 0270", "default_street_address1": "26", "default_street_address2": "Highfield Avenue", "default_town_or_city": "Sale", "default_county": "Cheshire", "default_postcode": "M33 3DW", "default_country": "GB"}}]